{
  "moldTypes": [
    "General INJ.",
    "Gas INJ.",
    "High TEMP. INJ.",
    "GEAR Tool",
    "Double shot",
    "Insert INJ.",
    "IMR INJ.",
    "Lens INJ."
  ],
  "moldTable": [
    [
      1,
      0,
      "General INJ.",
      "none"
    ],
    [
      2,
      0.4,
      "Gas INJ.",
      "Cooling +"
    ],
    [
      3,
      5,
      "High TEMP. INJ.",
      "Cooling +"
    ],
    [
      4,
      1,
      "GEAR Tool",
      "Cooling +"
    ],
    [
      5,
      1.5,
      "Double shot",
      "Close +"
    ],
    [
      6,
      10,
      "Insert INJ.",
      "Open +"
    ],
    [
      7,
      10,
      "IMR INJ.",
      "Open +"
    ],
    [
      8,
      3,
      "Lens INJ.",
      "Pack +"
    ]
  ],
  "vpLookup": [
    [
      1,
      35
    ],
    [
      2,
      40
    ],
    [
      3,
      45
    ],
    [
      4,
      50
    ],
    [
      5,
      55
    ],
    [
      6,
      60
    ],
    [
      7,
      65
    ],
    [
      8,
      70
    ],
    [
      9,
      75
    ],
    [
      10,
      80
    ],
    [
      11,
      85
    ],
    [
      12,
      90
    ],
    [
      13,
      95
    ],
    [
      14,
      100
    ],
    [
      15,
      105
    ]
  ],
  "runnerWeightBins": [
    0,
    5,
    10,
    20,
    30,
    40,
    50,
    100,
    150,
    200,
    250,
    300,
    500,
    1000,
    1500
  ],
  "coolingGradeTable": [
    [
      "NO.",
      "Resin",
      "Grade",
      "Cooling Time",
      "Thickness",
      "Melting Temp Tm",
      "Mold Temp Tw",
      "Ejecting Temp Te",
      "Thermal diffusivity coefficient \u03b1",
      "Density\n(g/\u33a4)[melt]",
      "Property",
      "Density\n(g/\u33a4)[Solid]"
    ],
    [
      1,
      "ABS",
      "HF-0660I",
      11.722240277928908,
      1.95,
      205,
      60,
      82,
      0.06991632095626757,
      0.963,
      null,
      1.05
    ],
    [
      2,
      "ABS",
      "VE-0812",
      11.604353022251585,
      1.95,
      220,
      60,
      85,
      0.09393517950751872,
      1.033,
      null,
      1.15
    ],
    [
      3,
      "ABS",
      "SR-0320",
      12.540555085307236,
      1.95,
      230,
      50,
      104,
      0.15729952747221948,
      0.959,
      null,
      1.05
    ],
    [
      4,
      "ABS",
      "VE-0860P",
      10.284018393216869,
      1.95,
      210,
      60,
      85,
      0.07617513061541072,
      1.073,
      null,
      1.17
    ],
    [
      5,
      "ABS",
      "CM-0140",
      14.637674123806377,
      1.95,
      230,
      60,
      103,
      0.11044717550075316,
      0.93519,
      null,
      1.0938
    ],
    [
      6,
      "ABS",
      "U-780",
      14.84900964129666,
      1.95,
      230,
      40,
      98,
      0.09407183315380474,
      0.94055,
      null,
      1.0457
    ],
    [
      7,
      "ABS GF20",
      "GR-4020L",
      10.070827150831716,
      1.95,
      250,
      60,
      92,
      0.0773871018917277,
      1.108,
      null,
      1.27
    ],
    [
      8,
      "PC",
      "141R",
      14.467519566348985,
      1.95,
      320,
      100,
      125,
      0.12466566934131192,
      1.032,
      null,
      1.19
    ],
    [
      9,
      "PC",
      "3022U",
      13.243615267879246,
      1.95,
      295,
      80,
      133,
      0.10131712259371833,
      1.05,
      null,
      1.17
    ],
    [
      10,
      "PC",
      "3022R",
      13.261454168644615,
      1.95,
      295,
      80,
      133,
      0.10102846982279605,
      1.053,
      null,
      1.17
    ],
    [
      11,
      "PC",
      "D2000",
      12.7834853742404,
      1.95,
      307,
      92,
      120,
      0.15188479538270222,
      1.043,
      null,
      1.19
    ],
    [
      12,
      "PC",
      "LF-1025",
      13.1598712303617,
      1.95,
      290,
      100,
      138,
      0.17143384631615038,
      1.099,
      null,
      1.25
    ],
    [
      13,
      "PC",
      "NH-1035",
      15.806478336329752,
      1.95,
      300,
      100,
      117,
      0.11841378810148655,
      1.019,
      null,
      1.19
    ],
    [
      14,
      "PC GF20",
      "NH-3204G",
      13.16924370243955,
      1.95,
      295,
      70,
      104,
      0.10051551387091555,
      1.143,
      null,
      1.33
    ],
    [
      15,
      "PC GF40",
      "NH-3402F",
      14.941102919184553,
      1.95,
      290,
      80,
      102,
      0.0644042970546995,
      1.304,
      null,
      1.51
    ],
    [
      16,
      "PC GF20",
      "UWR-21G20",
      14.117144449967618,
      1.95,
      265,
      75,
      133,
      0.10752619248310188,
      1.226,
      null,
      1.33
    ],
    [
      17,
      "PC+ABS",
      "HA-1011",
      12.501227729674763,
      1.95,
      280,
      80,
      95,
      0.1454469293244281,
      0.97,
      null,
      1.11
    ],
    [
      18,
      "PC+ABS",
      "NH-1000T",
      12.19095550490322,
      1.95,
      235,
      70,
      81,
      0.09321740669174582,
      1.059,
      null,
      1.18
    ],
    [
      19,
      "PC+ABS",
      "230NH",
      10.692439915163334,
      1.95,
      260,
      80,
      121.9,
      0.11500708465972975,
      1.058,
      null,
      1.17
    ],
    [
      20,
      "POM",
      "DE-500P",
      12.855641327625854,
      1.95,
      215,
      89,
      118,
      0.08389261744966445,
      1.192,
      null,
      1.45
    ],
    [
      21,
      "POM",
      "F25-03HT",
      11.036712160363477,
      1.95,
      200,
      80,
      120,
      0.08553248554348258,
      1.13,
      null,
      1.38
    ],
    [
      22,
      "POM",
      "DE-8903",
      11.627963794310801,
      1.95,
      215,
      90,
      130,
      0.2024619371558147,
      1.029,
      null,
      1.4
    ],
    [
      23,
      "POM",
      "M90-44",
      11.702169455878575,
      1.95,
      181.5,
      90,
      130,
      0.061452778806867954,
      1.158,
      null,
      1.39
    ],
    [
      24,
      "POM",
      "F20-02",
      14.440125818971545,
      1.95,
      200,
      80,
      115,
      0.0601455058584036,
      1.15,
      null,
      1.41
    ],
    [
      25,
      "POM",
      "NW-02",
      12.271668862303196,
      1.95,
      200,
      80,
      144,
      0.10247214038683233,
      1.11,
      null,
      1.36
    ],
    [
      26,
      "HIPS",
      "HR-1360T",
      12.251918563767301,
      1.95,
      210,
      60,
      87,
      0.10393599499150781,
      0.961,
      null,
      1.05
    ],
    [
      27,
      "HIPS",
      "HIPS-5197",
      13.600759721609439,
      1.95,
      230,
      65,
      85,
      0.10534863814937558,
      0.92,
      null,
      1.03
    ],
    [
      28,
      "HIPS",
      "S-834",
      11.325301879021337,
      1.95,
      205,
      45,
      65,
      0.07895796680585879,
      0.955,
      null,
      1.05
    ],
    [
      29,
      "PET GF40",
      "3401NX",
      10.011812439820346,
      1.95,
      280,
      80,
      206,
      0.2679139042775406,
      1.54,
      null,
      1.72
    ],
    [
      30,
      "PET GF30",
      "8300SE",
      13.474756818782542,
      1.95,
      280,
      120,
      176,
      0.11118758934717002,
      1.43,
      null,
      1.7
    ],
    [
      31,
      "PET GF30",
      "LV2550GN30",
      12.616974879436555,
      1.95,
      280,
      120,
      170,
      0.1496278008453971,
      1.52,
      null,
      1.77
    ],
    [
      32,
      "PMMA",
      "DELPET 80NH",
      12.030196731605146,
      1.95,
      240,
      70,
      95,
      0.08291048983517396,
      1.058,
      null,
      1.18
    ],
    [
      33,
      "PMMA",
      "DELPET 80NR ",
      11.45267239375895,
      1.95,
      240,
      70,
      98,
      0.08335695113615524,
      1.064,
      null,
      1.19
    ],
    [
      34,
      "PMMA",
      "HI-855M",
      14.429976297376543,
      1.95,
      230,
      65,
      79,
