{
  "HF-0660I": {
    "resin": "ABS",
    "Tm": 205.0,
    "Tw": 60.0,
    "Te": 82.0,
    "alpha": 0.06991632095626757,
    "extra_s": 0.0
  },
  "VE-0812": {
    "resin": "ABS",
    "Tm": 220.0,
    "Tw": 60.0,
    "Te": 85.0,
    "alpha": 0.09393517950751872,
    "extra_s": 3.0
  },
  "SR-0320": {
    "resin": "ABS",
    "Tm": 230.0,
    "Tw": 50.0,
    "Te": 104.0,
    "alpha": 0.15729952747221948,
    "extra_s": 9.0
  },
  "VE-0860P": {
    "resin": "ABS",
    "Tm": 210.0,
    "Tw": 60.0,
    "Te": 85.0,
    "alpha": 0.07617513061541072,
    "extra_s": 0.0
  },
  "CM-0140": {
    "resin": "ABS",
    "Tm": 230.0,
    "Tw": 60.0,
    "Te": 103.0,
    "alpha": 0.11044717550075316,
    "extra_s": 9.0
  },
  "U-780": {
    "resin": "ABS",
    "Tm": 230.0,
    "Tw": 40.0,
    "Te": 98.0,
    "alpha": 0.09407183315380474,
    "extra_s": 9.0
  },
  "GR-4020L": {
    "resin": "ABS GF20",
    "Tm": 250.0,
    "Tw": 60.0,
    "Te": 92.0,
    "alpha": 0.0773871018917277,
    "extra_s": 0.0
  },
  "141R": {
    "resin": "PC",
    "Tm": 320.0,
    "Tw": 100.0,
    "Te": 125.0,
    "alpha": 0.12466566934131192,
    "extra_s": 0.0
  },
  "3022U": {
    "resin": "PC",
    "Tm": 295.0,
    "Tw": 80.0,
    "Te": 133.0,
    "alpha": 0.10131712259371833,
    "extra_s": 0.0
  },
  "3022R": {
    "resin": "PC",
    "Tm": 295.0,
    "Tw": 80.0,
    "Te": 133.0,
    "alpha": 0.10102846982279605,
    "extra_s": 0.0
  },
  "D2000": {
    "resin": "PC",
    "Tm": 307.0,
    "Tw": 92.0,
    "Te": 120.0,
    "alpha": 0.15188479538270222,
    "extra_s": 0.0
  },
  "LF-1025": {
    "resin": "PC",
    "Tm": 290.0,
    "Tw": 100.0,
    "Te": 138.0,
    "alpha": 0.17143384631615038,
    "extra_s": 9.0
  },
  "NH-1035": {
    "resin": "PC",
    "Tm": 300.0,
    "Tw": 100.0,
    "Te": 117.0,
    "alpha": 0.11841378810148655,
    "extra_s": 0.0
  },
  "NH-3204G": {
    "resin": "PC GF20",
    "Tm": 295.0,
    "Tw": 70.0,
    "Te": 104.0,
    "alpha": 0.10051551387091555,
    "extra_s": 0.0
  },
  "NH-3402F": {
    "resin": "PC GF40",
    "Tm": 290.0,
    "Tw": 80.0,
    "Te": 102.0,
    "alpha": 0.0644042970546995,
    "extra_s": 0.0
  },
  "UWR-21G20": {
    "resin": "PC GF20",
    "Tm": 265.0,
    "Tw": 75.0,
    "Te": 133.0,
    "alpha": 0.10752619248310188,
    "extra_s": 9.0
  },
  "HA-1011": {
    "resin": "PC+ABS",
    "Tm": 280.0,
    "Tw": 80.0,
    "Te": 95.0,
    "alpha": 0.1454469293244281,
    "extra_s": 0.0
  },
  "NH-1000T": {
    "resin": "PC+ABS",
    "Tm": 235.0,
    "Tw": 70.0,
    "Te": 81.0,
    "alpha": 0.09321740669174582,
    "extra_s": 0.0
  },
  "230NH": {
    "resin": "PC+ABS",
    "Tm": 260.0,
    "Tw": 80.0,
    "Te": 121.9,
    "alpha": 0.11500708465972975,
    "extra_s": 0.0
  },
  "DE-500P": {
    "resin": "POM",
    "Tm": 215.0,
    "Tw": 89.0,
    "Te": 118.0,
    "alpha": 0.08389261744966445,
    "extra_s": 0.0
  },
  "F25-03HT": {
    "resin": "POM",
    "Tm": 200.0,
    "Tw": 80.0,
    "Te": 120.0,
    "alpha": 0.08553248554348258,
    "extra_s": 0.0
  },
  "DE-8903": {
    "resin": "POM",
    "Tm": 215.0,
    "Tw": 90.0,
    "Te": 130.0,
    "alpha": 0.2024619371558147,
    "extra_s": 9.0
  },
  "M90-44": {
    "resin": "POM",
    "Tm": 181.5,
    "Tw": 90.0,
    "Te": 130.0,
    "alpha": 0.061452778806867954,
    "extra_s": 0.0
  },
  "F20-02": {
    "resin": "POM",
    "Tm": 200.0,
    "Tw": 80.0,
    "Te": 115.0,
    "alpha": 0.0601455058584036,
    "extra_s": 0.0
  },
  "NW-02": {
    "resin": "POM",
    "Tm": 200.0,
    "Tw": 80.0,
    "Te": 144.0,
    "alpha": 0.10247214038683233,
    "extra_s": 9.0
  },
  "HR-1360T": {
    "resin": "HIPS",
    "Tm": 210.0,
    "Tw": 60.0,
    "Te": 87.0,
    "alpha": 0.10393599499150781,
    "extra_s": 0.0
  },
  "HIPS-5197": {
    "resin": "HIPS",
    "Tm": 230.0,
    "Tw": 65.0,
    "Te": 85.0,
    "alpha": 0.10534863814937558,
    "extra_s": 0.0
  },
  "S-834": {
    "resin": "HIPS",
    "Tm": 205.0,
    "Tw": 45.0,
    "Te": 65.0,
    "alpha": 0.07895796680585879,
    "extra_s": 0.0
  },
  "3401NX": {
    "resin": "PET GF40",
    "Tm": 280.0,
    "Tw": 80.0,
    "Te": 206.0,
    "alpha": 0.2679139042775406,
    "extra_s": 9.0
  },
  "8300SE": {
    "resin": "PET GF30",
    "Tm": 280.0,
    "Tw": 120.0,
    "Te": 176.0,
    "alpha": 0.11118758934717002,
    "extra_s": 9.0
  },
  "LV2550GN30": {
    "resin": "PET GF30",
    "Tm": 280.0,
    "Tw": 120.0,
    "Te": 170.0,
    "alpha": 0.1496278008453971,
    "extra_s": 9.0
  },
  "DELPET 80NH": {
    "resin": "PMMA",
    "Tm": 240.0,
    "Tw": 70.0,
    "Te": 95.0,
    "alpha": 0.08291048983517396,
    "extra_s": 0.0
  },
  "DELPET 80NR": {
    "resin": "PMMA",
    "Tm": 240.0,
    "Tw": 70.0,
    "Te": 98.0,
    "alpha": 0.08335695113615524,
    "extra_s": 0.0
  },
  "HI-855M": {
    "resin": "PMMA",
    "Tm": 230.0,
    "Tw": 65.0,
    "Te": 79.0,
    "alpha": 0.08394994568438514,
    "extra_s": 0.0
  },
  "HJ500": {
    "resin": "PP",
    "Tm": 200.0,
    "Tw": 40.0,
    "Te": 100.0,
    "alpha": 0.05091165057784724,
    "extra_s": 0.0
  },
  "1305DTFE15": {
    "resin": "PPS",
    "Tm": 320.0,
    "Tw": 155.0,
    "Te": 220.0,
    "alpha": 0.10092661898425372,
    "extra_s": 9.0
  },
  "1399X115554": {
    "resin": "PPS",
    "Tm": 315.0,
    "Tw": 155.0,
    "Te": 205.0,
    "alpha": 0.15093781535998885,
    "extra_s": 9.0
  },
  "RBA-313N": {
    "resin": "PPS",
    "Tm": 300.0,
    "Tw": 140.0,
    "Te": 165.0,
    "alpha": 0.8997900700609553,
    "extra_s": 9.0
  },
  "RBA-514": {
    "resin": "PPS",
    "Tm": 300.0,
    "Tw": 140.0,
    "Te": 165.0,
    "alpha": 0.14248283001851741,
    "extra_s": 0.0
  },
  "Topas5013L-10": {
    "resin": "COC",
    "Tm": 270.0,
    "Tw": 102.0,
    "Te": 116.0,
    "alpha": 0.08211413395395976,
    "extra_s": 0.0
  },
  "KB40BM": {
    "resin": "LCP",
    "Tm": 380.0,
    "Tw": 130.0,
    "Te": 335.0,
    "alpha": 0.18032964258664838,
    "extra_s": 9.0
  },
  "T130": {
    "resin": "LCP",
    "Tm": 380.0,
    "Tw": 80.0,
    "Te": 279.0,
    "alpha": 0.22976983682836621,
    "extra_s": 9.0
  },
  "299X119249C": {
    "resin": "PA",
    "Tm": 285.0,
    "Tw": 85.0,
    "Te": 225.0,
    "alpha": 0.08267922553636838,
    "extra_s": 9.0
  },
  "Rhodia 2413GW": {
    "resin": "PA",
    "Tm": 285.0,
    "Tw": 80.0,
    "Te": 210.0,
    "alpha": 0.09206561767659859,
    "extra_s": 9.0
  },
  "FR-50": {
    "resin": "PA",
    "Tm": 290.0,
    "Tw": 100.0,
    "Te": 175.0,
    "alpha": 0.09534541041865303,
    "extra_s": 9.0
  },
  "Rhodia A50HI": {
    "resin": "PA",
    "Tm": 270.0,
    "Tw": 70.0,
    "Te": 224.0,
    "alpha": 0.1387340196561471,
    "extra_s": 9.0
  },
  "FR-7025V0F": {
    "resin": "PA",
    "Tm": 280.0,
    "Tw": 70.0,
    "Te": 190.0,
    "alpha": 0.06372530644375306,
    "extra_s": 9.0
  },
  "299X117946": {
    "resin": "PA",
    "Tm": 290.0,
    "Tw": 85.0,
    "Te": 221.0,
    "alpha": 0.10651616559034431,
    "extra_s": 9.0
  },
  "150CA-30": {
    "resin": "PEEK",
    "Tm": 385.0,
    "Tw": 190.0,
    "Te": 296.0,
    "alpha": 0.2509950927461133,
    "extra_s": 9.0
  },
  "NorylN300X": {
    "resin": "MPPO",
    "Tm": 312.0,
    "Tw": 120.0,
    "Te": 145.0,
    "alpha": 0.1052548723853317,
    "extra_s": 3.0
  }
}
